msm_id,target_anchor_prb_id,is_mesh,msm_type,af,succeed_count,fail_count,succeed_ratio
23178658,0,False,http,4,0,124,0.0
23175070,0,True,http,4,0,711,0.0
23178657,0,False,ping,4,0,124,0.0
23175069,0,True,ping,4,1,710,0.0014064697609001407
23178656,0,False,traceroute,4,0,124,0.0
23175068,0,True,traceroute,4,1,710,0.0014064697609001407
